<?xml version="1.0" encoding="utf-8"?>
<extension type="component" version="1.7" method="upgrade">
	<name>JiInstaller</name>
	<creationDate>December 2014</creationDate>
	<author>Jinfinity</author>
	<authorEmail>support@jinfinity.com</authorEmail>
	<authorUrl>http://www.jinfinity.com</authorUrl>
	<copyright>Copyright (C) 2014 Jinfinity</copyright>
	<license>GNU/GPLv3 http://www.gnu.org/licenses/gpl-3.0.html</license>
	<version>3.0.0</version>
	<description></description>

	<scriptfile>script.install.php</scriptfile>
    <administration>
        <files>
            <filename>install.xml</filename>
            <filename>index.html</filename>
            <folder>language</folder>
            <folder>extensions</folder>
        </files>

        <languages folder="language">
            <language tag="en-GB">en-GB/en-GB.com_jiinstaller.ini</language>
        </languages>
    </administration>
</extension>