<?xml version="1.0" encoding="utf-8"?>
<importer version="1.6">
    <name>Categories</name>
    <description>Import Categories</description>
    <group>joomlacore</group>
    <tables>
        <table name="categories" pkey="id" />
    </tables>
    <fields>
        <field type="list" default="0" name="truncate" label="Clear DB Tables" description="Clear database table #__categories and create the default uncategorised categories before starting the import process">
            <option value="1">Yes</option>
            <option value="0">No</option>
        </field>
        <field type="list" default="0" name="overwrite" label="Overwrite Existing" description="Items in the database with the same ID will be replaced">
            <option value="1">Yes</option>
            <option value="0">No</option>
        </field>
        <field type="list" default="1" name="resetalias" label="Reset Alias" description="Reset alias and title to ensure uniqueness">
            <option value="1">Yes</option>
            <option value="0">No</option>
        </field>
        <field type="list" default="1" name="rebuildparams" label="Rebuild Params" description="Rebuild params if found to be in the Joomla 1.5 format">
            <option value="1">Yes</option>
            <option value="0">No</option>
        </field>
        <field type="list" default="0" name="clearparams" label="Clear Params" description="Clear params if found to be in the Joomla 1.5 format">
            <option value="1">Yes</option>
            <option value="0">No</option>
        </field>

        <field type="separator" label="Overrides" />
        <field type="list" default="1" name="checkin" label="Checkin Items" description="Checkin any items that may have been checked out during migration creation">
            <option value="1">Yes</option>
            <option value="0">No</option>
        </field>
        <field type="list" default="0" name="overridecreated_by" label="Override Created By" description="Override all items to be created by the selected user">
            <option value="1">Yes</option>
            <option value="0">No</option>
        </field>
        <field type="user" default="0" name="created_by" label="Created By" description="User to override if 'Override Created' By is set to Yes" />

        <field type="separator" label="Debug" />
        <field type="list" default="0" name="debug" label="Debug Run" description="No database changes will be made. Check the log for what changes would have occurred">
            <option value="1">Yes</option>
            <option value="0">No</option>
        </field>
        <field type="list" default="0" name="debuglevel" label="Debug Level" description="More log entries will be made for higher debug levels">
            <option value="0">Standard</option>
            <option value="1">Development</option>
        </field>
        <field type="hidden" name="globalvalues" default="catidmap" />
        <field type="hidden" default="0" name="runorder" />
    </fields>
</importer>
