<?xml version="1.0" encoding="utf-8"?>
<importer version="1.6">
	<name>UserGroupMap</name>
	<description>Import User Group Map</description>
	<group>joomlacore</group>
    <tables>
        <table name="user_usergroup_map" />
    </tables>
	<fields>
		<field type="list" default="0" name="truncate" label="Clear DB Tables" description="Clear database table #__usergroupmap before starting the import process">
			<option value="1">Yes</option>
			<option value="0">No</option>
		</field>
		<field type="separator" label="Debug" />
		<field type="list" default="0" name="debug" label="Debug Run" description="No database changes will be made. Check the log for what changes would have occurred">
			<option value="1">Yes</option>
			<option value="0">No</option>
		</field>
		<field type="list" default="0" name="debuglevel" label="Debug Level" description="More log entries will be made for higher debug levels">
			<option value="0">Standard</option>
			<option value="1">Development</option>
		</field>
	</fields>
</importer>
