<?xml version="1.0" encoding="utf-8"?>
<exporter version="1.6">
	<name>Modules</name>
	<description>Export Modules</description>
	<group>joomlacore</group>
    <tables>
        <table name="modules" pkey="id" />
        <table name="modules_menu" />
        <table name="extensions" pkey="extension_id" />
    </tables>
	<files>
		<filename>extensions.csv</filename>
	</files>
	<fields>
        <field type="list" default="1" name="siteonly" label="Exclude Admin" description="Only export extensions belonging to the front end or site">
            <option value="1">Yes</option>
            <option value="0">No</option>
        </field>
		<field type="hidden" default="0" name="runorder" />
		<field type="hidden" default="extensions" name="globalvalues" />
	</fields>
</exporter>