<?xml version="1.0" encoding="utf-8"?>
<importer version="1.6">
	<name>K2</name>
	<description>Import K2</description>
    <tables>
        <table name="k2_attachments" pkey="id" />
        <table name="k2_categories" pkey="id" />
        <table name="k2_comments" pkey="id" />
        <table name="k2_extra_fields" pkey="id" />
        <table name="k2_extra_fields_groups" pkey="id" />
        <table name="k2_items" pkey="id" />
        <table name="k2_rating" pkey="itemID" />
        <table name="k2_tags" pkey="id" />
        <table name="k2_tags_xref" pkey="id" />
        <table name="k2_users" pkey="id" />
        <table name="k2_user_groups" pkey="id" />
    </tables>
	<fields>
		<field type="list" default="0" name="truncate" label="Clear DB Tables" description="Clear several K2 database tables before starting the import process">
			<option value="1">Yes</option>
			<option value="0">No</option>
		</field>
		<field type="list" default="0" name="overwrite" label="Overwrite Existing" description="Items in the database with the same ID will be replaced">
			<option value="1">Yes</option>
			<option value="0">No</option>
		</field>
        <field type="list" default="1" name="append" label="Append If Exists" description="If an item exists in the database with the same ID then the new item will be appended to the end">
            <option value="1">Yes</option>
            <option value="0">No</option>
        </field>
		<field type="separator" label="Debug" />
		<field type="list" default="0" name="debug" label="Debug Run" description="No database changes will be made. Check the log for what changes would have occurred">
			<option value="1">Yes</option>
			<option value="0">No</option>
		</field>
		<field type="list" default="0" name="debuglevel" label="Debug Level" description="More log entries will be made for higher debug levels">
			<option value="0">Standard</option>
			<option value="1">Development</option>
		</field>
	</fields>
</importer>
