<?xml version="1.0" encoding="utf-8"?>
<importer version="1.6">
    <name>Extensions</name>
    <description>Import Extensions</description>
    <group>joomlacore</group>
    <tables>
        <table name="extensions" pkey="extension_id" />
    </tables>
    <files>
        <filename>extensions.csv</filename>
    </files>
    <fields>
        <field type="list" default="0" name="append" label="Append If Exists" description="If an item exists in the database with the same ID then the new item will be appended to the end">
            <option value="1">Yes</option>
            <option value="0">No</option>
        </field>
        <field type="separator" label="Overrides" />
        <field type="list" default="1" name="checkin" label="Checkin Items" description="Checkin any items that may have been checked out during migration creation">
            <option value="1">Yes</option>
            <option value="0">No</option>
        </field>
        <field type="separator" label="Debug" />
        <field type="list" default="0" name="debug" label="Debug Run" description="No database changes will be made. Check the log for what changes would have occurred">
            <option value="1">Yes</option>
            <option value="0">No</option>
        </field>
        <field type="list" default="0" name="debuglevel" label="Debug Level" description="More log entries will be made for higher debug levels">
            <option value="0">Standard</option>
            <option value="1">Development</option>
        </field>
    </fields>
</importer>