<?xml version="1.0" encoding="utf-8"?>
<importer version="1.6">
	<name>Modules</name>
	<description>Import Modules</description>
	<group>joomlacore</group>
    <tables>
        <table name="modules" pkey="id" />
        <table name="modules_menu" />
    </tables>
	<fields>
		<field type="list" default="0" name="truncate" label="Truncate Site" description="Delete items from the database tables #__modules and #__modules_menu that belong to the site">
			<option value="1">Yes</option>
			<option value="0">No</option>
		</field>
		<field type="list" default="0" name="overwrite" label="Overwrite Existing" description="Items in the database with the same ID will be replaced">
			<option value="1">Yes</option>
			<option value="0">No</option>
		</field>
		<field type="list" default="1" name="append" label="Append If Exists" description="If an item exists in the database with the same ID then the new item will be appended to the end">
			<option value="1">Yes</option>
			<option value="0">No</option>
		</field>
        <field type="list" default="1" name="rebuildparams" label="Rebuild Params" description="Rebuild params if found to be in the Joomla 1.5 format">
            <option value="1">Yes</option>
            <option value="0">No</option>
        </field>
        <field type="list" default="1" name="rebuildlinks" label="Rebuild Internal Links" description="Rebuild internal links to match any shift in category or menu item IDs (custom HTML modules only)">
            <option value="1">Yes</option>
            <option value="0">No</option>
        </field>
        <field type="list" default="0" name="clearparams" label="Clear Params" description="Clear params if found to be in the Joomla 1.5 format">
            <option value="1">Yes</option>
            <option value="0">No</option>
        </field>
		<field type="separator" label="Overrides" />
		<field type="list" default="1" name="checkin" label="Checkin Items" description="Checkin any items that may have been checked out during migration creation">
			<option value="1">Yes</option>
			<option value="0">No</option>
		</field>
		<field type="separator" label="Debug" />
		<field type="list" default="0" name="debug" label="Debug Run" description="No database changes will be made. Check the log for what changes would have occurred">
			<option value="1">Yes</option>
			<option value="0">No</option>
		</field>
		<field type="list" default="0" name="debuglevel" label="Debug Level" description="More log entries will be made for higher debug levels">
			<option value="0">Standard</option>
			<option value="1">Development</option>
		</field>
        <field type="hidden" name="globalvalues" default="catidmap,menuidmap,moduleidmap" />
        <field type="hidden" default="2" name="runorder" />
	</fields>
</importer>
