<?xml version="1.0" encoding="utf-8"?>
<importer version="1.5">
    <name>JobFinder</name>
    <description>Import JobFinder</description>
    <group>thirdparty</group>
    <tables>
        <table name="jobfinder_agents" pkey="alias" />
        <table name="jobfinder_applications" pkey="id" />
        <table name="jobfinder_cities" pkey="id" />
        <table name="jobfinder_companies" pkey="id"  />
        <table name="jobfinder_emails" pkey="id" />
        <table name="jobfinder_industries" pkey="id" />
        <table name="jobfinder_jobs" pkey="id" />
        <table name="jobfinder_qualifications" pkey="id" />
        <table name="jobfinder_sectors" pkey="id" />
        <table name="jobfinder_states" pkey="id" />
        <table name="jobfinder_types" pkey="id" />
    </tables>
    <fields>
        <field type="list" default="0" name="truncate" label="Clear DB Tables" description="Clear several Kunena Forum database tables before starting the import process">
            <option value="1">Yes</option>
            <option value="0">No</option>
        </field>
        <field type="list" default="0" name="overwrite" label="Overwrite Existing" description="Items in the database with the same ID will be replaced">
            <option value="1">Yes</option>
            <option value="0">No</option>
        </field>
        <field type="list" default="0" name="append" label="Append If Exists" description="If an item exists in the database with the same ID then the new item will be appended to the end">
            <option value="1">Yes</option>
            <option value="0">No</option>
        </field>
        <field type="separator" label="Debug" />
        <field type="list" default="0" name="debug" label="Debug Run" description="No database changes will be made. Check the log for what changes would have occurred">
            <option value="1">Yes</option>
            <option value="0">No</option>
        </field>
        <field type="list" default="0" name="debuglevel" label="Debug Level" description="More log entries will be made for higher debug levels">
            <option value="0">Standard</option>
            <option value="1">Development</option>
        </field>
    </fields>
</importer>