<?xml version="1.0" encoding="utf-8"?>
<importer version="1.6">
	<name>Content</name>
	<description>Import Articles</description>
	<group>joomlacore</group>
	<files>
		<filename>content.csv</filename>
	</files>
    <tables>
        <table name="content" pkey="id" />
    </tables>
	<fields>
		<field type="list" default="0" name="truncate" label="Clear DB Tables" description="Clear database table #__content before starting the import process">
			<option value="1">Yes</option>
			<option value="0">No</option>
		</field>
		<field type="list" default="0" name="overwrite" label="Overwrite Existing" description="Items in the database with the same ID will be replaced">
			<option value="1">Yes</option>
			<option value="0">No</option>
		</field>
		<field type="list" default="1" name="append" label="Append If Exists" description="If an item exists in the database with the same ID then the new item will be appended to the end">
			<option value="1">Yes</option>
			<option value="0">No</option>
		</field>
        <field type="list" default="1" name="resetalias" label="Reset Alias" description="Reset alias and title to ensure uniqueness">
            <option value="1">Yes</option>
            <option value="0">No</option>
        </field>
		<field type="list" default="1" name="rebuildparams" label="Rebuild Attribs" description="Rebuild attributes (params) if found to be in the Joomla 1.5 format">
			<option value="1">Yes</option>
			<option value="0">No</option>
		</field>
        <field type="list" default="1" name="rebuildlinks" label="Rebuild Internal Links" description="Rebuild internal links to match any shift in category or menu item IDs">
            <option value="1">Yes</option>
            <option value="0">No</option>
        </field>
        <field type="list" default="1" name="clearparams" label="Clear Attribs" description="Clear attributes (params) if found to be in the Joomla 1.5 format (Recommended as newer versions of Joomla have incompatibilities with old article attributes)">
            <option value="1">Yes</option>
            <option value="0">No</option>
        </field>
		
		<field type="separator" label="Overrides" />
        <field type="list" default="0" name="introimgfromtext" label="Intro Image" description="First image found in introtext will be used as Intro Image (this will not override the standard Intro Image if it is specified). The HTML img tag and empty surrounding tag will be removed from the introtext.">
            <option value="1">Yes</option>
            <option value="0">No</option>
        </field>
        <field type="list" default="0" name="fullimgfromtext" label="Fulltext Image" description="First image found in fulltext will be used as Fulltext Image (this will not override the standard Fulltext Image if it is specified). The HTML img tag and empty surrounding tag will be removed from the fulltext.">
            <option value="1">Yes</option>
            <option value="0">No</option>
        </field>
		<field type="list" default="1" name="checkin" label="Checkin Items" description="Checkin any items that may have been checked out during migration creation">
			<option value="1">Yes</option>
			<option value="0">No</option>
		</field>
		<field type="list" default="0" name="overridecategory" label="Override Category" description="Override all items to insert into the selected category">
			<option value="1">Yes</option>
			<option value="0">No</option>
		</field>
		<field type="category" default="0" name="category" label="Category" description="Category to override if 'Override Category' is set to Yes" />
		<field type="list" default="0" name="overridecreated_by" label="Override Created By" description="Override all items to be created by the selected user">
			<option value="1">Yes</option>
			<option value="0">No</option>
		</field>
		<field type="user" default="0" name="created_by" label="Created By" description="User to override if 'Override Created' By is set to Yes" />

		<field type="separator" label="Debug" />
		<field type="list" default="0" name="debug" label="Debug Run" description="No database changes will be made. Check the log for what changes would have occurred">
			<option value="1">Yes</option>
			<option value="0">No</option>
		</field>
		<field type="list" default="0" name="debuglevel" label="Debug Level" description="More log entries will be made for higher debug levels">
			<option value="0">Standard</option>
			<option value="1">Development</option>
		</field>
        <field type="hidden" name="globalvalues" default="catidmap,menuidmap" />
        <field type="hidden" default="2" name="runorder" />
	</fields>
</importer>